Date,Light Sweet Money Managers (R1),Light Sweet Swap Dealers (R1),Light Sweet Manufacturers (R1),Light Sweet Others (R1),Light Sweet (R2),CFFDQSWL Index - Mid Price (R1),CFFDQSWS Index - Mid Price (R1),CFFDQSWD Index - Mid Price (R1),CFFDQPML Index - Mid Price (R1),CFFDQPMS Index - Mid Price (R1),CFFDQMML Index - Mid Price (R1),CFFDQMMS Index - Mid Price (R1),CFFDQMMD Index - Mid Price (R1),CFFDQORL Index - Mid Price (R1),CFFDQORS Index - Mid Price (R1),CFFDQORD Index - Mid Price (R1),SPX Index - Last Price (L1),GC1 Comdty - Last Price (L1),DXY Curncy - Last Price (R4),USGG2YR Index - Last Price (R3)
2010-01-01,133539.0,149261.0,-255556.0,-39461.0,79.36,249809.0,100548.0,225648.0,136934.0,392490.0,172733.0,39194.0,144177.0,74766.0,114227.0,106313.0,1115.1,1096.2,77.86,1.1356
2010-01-08,154775.0,125341.0,-251826.0,-45940.0,82.75,246155.0,120814.0,226385.0,139446.0,391272.0,194643.0,39868.0,158903.0,70391.0,116331.0,110257.0,1144.98,1138.9,77.471,0.9759
2010-01-15,175619.0,100913.0,-251549.0,-39950.0,78.0,229818.0,128905.0,234217.0,149618.0,401167.0,217292.0,41673.0,162548.0,74134.0,114084.0,151396.0,1136.03,1130.5,77.323,0.8621
2010-01-22,177004.0,102480.0,-255474.0,-42623.0,74.54,230685.0,128205.0,253183.0,159912.0,415386.0,214738.0,37734.0,174966.0,65672.0,108295.0,147309.0,1091.76,1089.7,78.277,0.7875
2010-01-29,133155.0,121187.0,-243484.0,-33535.0,72.89,241765.0,120578.0,255259.0,164966.0,408450.0,179142.0,45987.0,183126.0,67431.0,100966.0,143952.0,1073.87,1083.0,79.462,0.8118
2010-02-05,121074.0,142576.0,-237870.0,-35047.0,71.19,264833.0,122257.0,244316.0,167732.0,405602.0,169012.0,47938.0,179801.0,73073.0,108120.0,167275.0,1066.19,1052.2,80.441,0.7633
2010-02-12,88821.0,176627.0,-224662.0,-46761.0,74.13,288269.0,111642.0,228855.0,169586.0,394248.0,153244.0,64423.0,171097.0,71824.0,118585.0,149255.0,1075.51,1089.5,80.218,0.8265
2010-02-19,120441.0,159069.0,-226034.0,-52005.0,79.81,279712.0,120643.0,232952.0,172680.0,398714.0,165827.0,45386.0,167766.0,70176.0,122181.0,145212.0,1109.17,1121.3,80.643,0.9157
2010-02-26,132504.0,134891.0,-227759.0,-47152.0,79.66,262892.0,128001.0,229297.0,156653.0,384412.0,180790.0,48286.0,150938.0,66933.0,114085.0,149083.0,1104.49,1118.9,80.362,0.8118
2010-03-05,144058.0,123309.0,-226069.0,-52641.0,81.5,256984.0,133675.0,233280.0,172391.0,398460.0,189727.0,45669.0,165644.0,65932.0,118573.0,133461.0,1138.7,1135.2,80.432,0.891
2010-03-12,159400.0,109219.0,-233249.0,-50086.0,81.24,254925.0,145706.0,229646.0,192798.0,426047.0,202787.0,43387.0,165050.0,66791.0,116877.0,141964.0,1149.99,1101.7,79.833,0.9476
2010-03-19,170419.0,96139.0,-232275.0,-46276.0,80.68,242830.0,146691.0,237698.0,203833.0,436108.0,213617.0,43198.0,170939.0,69389.0,115665.0,136993.0,1159.9,1107.6,80.724,0.989
2010-03-26,157575.0,107350.0,-233666.0,-45656.0,80.0,254240.0,146890.0,218243.0,170802.0,404468.0,202575.0,45000.0,171629.0,69106.0,114762.0,132828.0,1166.59,1104.3,81.676,1.0396
2010-04-02,169478.0,103987.0,-237219.0,-52324.0,84.87,256073.0,152086.0,194867.0,172462.0,409681.0,212058.0,42580.0,162025.0,67887.0,120211.0,137775.0,1178.1,1125.1,81.173,1.1038
2010-04-09,186732.0,84784.0,-230799.0,-58594.0,84.92,244449.0,159665.0,188569.0,186793.0,417592.0,235370.0,48638.0,175010.0,71312.0,129906.0,149252.0,1194.37,1161.1,81.093,1.0563
2010-04-16,175504.0,80396.0,-226423.0,-62140.0,83.24,243548.0,163152.0,189560.0,240966.0,467389.0,223408.0,47904.0,166713.0,71888.0,134028.0,157151.0,1192.13,1136.3,80.824,0.9513
2010-04-23,167019.0,95741.0,-243867.0,-45544.0,85.12,249454.0,153713.0,191050.0,234264.0,478131.0,212485.0,45466.0,162317.0,70672.0,116216.0,147124.0,1217.28,1153.1,81.352,1.0656
2010-04-30,146930.0,86354.0,-224523.0,-37666.0,86.15,248770.0,162416.0,195324.0,252001.0,476524.0,198047.0,51117.0,174033.0,76187.0,113853.0,155156.0,1186.69,1180.7,81.866,0.9603
2010-05-07,154982.0,83969.0,-214815.0,-45112.0,75.11,251016.0,167047.0,205038.0,257253.0,472068.0,206198.0,51216.0,186864.0,75297.0,120409.0,153647.0,1110.88,1210.4,84.45,0.808
2010-05-14,133442.0,110895.0,-229574.0,-40547.0,71.61,268330.0,157435.0,219020.0,243799.0,473373.0,203191.0,69749.0,175068.0,82316.0,122863.0,169466.0,1135.68,1227.8,86.095,0.782
2010-05-21,88414.0,125497.0,-212126.0,-21053.0,70.04,281279.0,155782.0,219657.0,195135.0,407261.0,191272.0,102858.0,159897.0,88332.0,109385.0,156340.0,1087.69,1176.1,85.371,0.7636
2010-05-28,75856.0,165201.0,-218291.0,-35413.0,73.97,311882.0,146681.0,201043.0,185007.0,403298.0,183241.0,107385.0,151813.0,77469.0,112882.0,153563.0,1089.41,1212.2,86.48,0.7658
2010-06-04,65828.0,180528.0,-210162.0,-40953.0,71.51,319892.0,139364.0,197074.0,181922.0,392084.0,179759.0,113931.0,163129.0,79396.0,120349.0,162656.0,1064.88,1216.2,88.233,0.7261
2010-06-11,67643.0,187281.0,-210338.0,-50186.0,73.78,312926.0,125645.0,186840.0,159868.0,370206.0,178229.0,110586.0,163897.0,77146.0,127332.0,170019.0,1091.6,1228.9,87.507,0.7259
2010-06-18,91266.0,182697.0,-210635.0,-58336.0,77.18,304516.0,121819.0,203730.0,168534.0,379169.0,177653.0,86387.0,165071.0,71230.0,129566.0,170451.0,1117.51,1257.2,85.699,0.7094
2010-06-25,79033.0,161986.0,-203225.0,-39398.0,78.86,289288.0,127302.0,197855.0,156339.0,359564.0,172121.0,93088.0,146788.0,66263.0,105661.0,161349.0,1076.76,1255.8,85.313,0.6486
2010-07-02,74216.0,167395.0,-208539.0,-37096.0,72.14,291477.0,124082.0,197616.0,143825.0,352364.0,168457.0,94241.0,154014.0,70299.0,107395.0,155971.0,1022.58,1207.7,84.427,0.625
2010-07-09,55116.0,161896.0,-196965.0,-28901.0,76.09,292171.0,130275.0,196018.0,137512.0,334477.0,158544.0,103428.0,165814.0,80165.0,109066.0,157478.0,1077.96,1209.8,83.947,0.625
2010-07-16,85962.0,179956.0,-207998.0,-51317.0,76.01,309830.0,129874.0,197526.0,147632.0,355630.0,170128.0,84166.0,156136.0,69403.0,120720.0,154528.0,1064.88,1188.2,82.486,0.5846
2010-07-23,97472.0,170847.0,-199594.0,-61327.0,78.98,309387.0,138540.0,191322.0,126959.0,326553.0,169153.0,71681.0,157795.0,62594.0,123921.0,132664.0,1102.66,1187.8,82.464,0.5842
2010-07-30,107716.0,167094.0,-209981.0,-63403.0,78.95,307907.0,140813.0,190967.0,124261.0,334242.0,169376.0,61660.0,166774.0,66363.0,129766.0,139891.0,1101.6,1181.7,81.539,0.5461
2010-08-06,133664.0,157078.0,-208458.0,-77986.0,80.7,308789.0,151711.0,175065.0,123394.0,331852.0,192383.0,58719.0,165334.0,62536.0,140522.0,130392.0,1121.64,1203.4,80.407,0.5056
2010-08-13,128902.0,145157.0,-209792.0,-68566.0,75.39,298861.0,153704.0,173070.0,147256.0,357048.0,186497.0,57595.0,181190.0,68045.0,136611.0,140906.0,1079.25,1214.9,82.948,0.5285
2010-08-20,108874.0,148009.0,-221855.0,-46818.0,73.46,302235.0,154226.0,174247.0,147176.0,369031.0,181310.0,72436.0,167768.0,76253.0,123071.0,135473.0,1071.69,1227.2,83.057,0.4871
2010-08-27,73475.0,169588.0,-218716.0,-46152.0,75.17,315962.0,146374.0,169507.0,117778.0,336494.0,176794.0,103319.0,164554.0,83211.0,129363.0,132721.0,1064.59,1236.0,82.918,0.5481
2010-09-03,71495.0,172980.0,-199158.0,-58375.0,74.6,317555.0,144575.0,183133.0,135656.0,334814.0,188932.0,117437.0,163094.0,85308.0,143683.0,148416.0,1104.51,1249.8,82.102,0.51
2010-09-10,77545.0,161163.0,-186602.0,-67056.0,76.45,316278.0,155115.0,186405.0,188261.0,374863.0,187178.0,109633.0,159402.0,83385.0,150441.0,145268.0,1109.55,1245.0,82.698,0.5673
2010-09-17,113760.0,133777.0,-186614.0,-65423.0,73.66,295153.0,161376.0,194482.0,187139.0,373753.0,205423.0,91663.0,150363.0,81539.0,146962.0,144342.0,1125.59,1275.9,81.398,0.4639
2010-09-24,96933.0,118528.0,-178200.0,-53033.0,76.49,284765.0,166237.0,179329.0,163271.0,341471.0,196753.0,99820.0,175489.0,90275.0,143308.0,153463.0,1148.67,1296.3,79.395,0.4403
2010-10-01,107116.0,99853.0,-172209.0,-45620.0,81.58,269126.0,169273.0,184679.0,181240.0,353449.0,203694.0,96578.0,169743.0,89776.0,135396.0,152341.0,1146.24,1316.1,78.088,0.4145
2010-10-08,165113.0,39339.0,-162270.0,-49087.0,82.66,243886.0,204547.0,197685.0,197963.0,360233.0,233918.0,68805.0,178925.0,85445.0,134532.0,187732.0,1165.15,1344.2,77.325,0.3431
2010-10-15,174835.0,7430.0,-150667.0,-45509.0,81.25,232387.0,224957.0,193481.0,230959.0,381626.0,237596.0,62761.0,178018.0,87397.0,132906.0,196606.0,1176.19,1371.1,77.041,0.3589
2010-10-22,150681.0,25613.0,-143888.0,-49851.0,81.69,248397.0,222784.0,196536.0,227683.0,371571.0,223112.0,72431.0,177404.0,87191.0,137042.0,176592.0,1183.08,1324.4,77.472,0.3506
2010-10-29,166058.0,25457.0,-160415.0,-40787.0,81.43,247130.0,221673.0,199407.0,197112.0,357527.0,233907.0,67849.0,177138.0,89247.0,130034.0,167333.0,1183.26,1357.6,77.266,0.3357
2010-11-05,177752.0,20002.0,-164565.0,-47644.0,86.85,253711.0,233709.0,195221.0,200413.0,364978.0,249649.0,71897.0,183763.0,87019.0,134663.0,178097.0,1225.85,1397.7,76.548,0.3671
2010-11-12,189002.0,-1550.0,-165031.0,-44895.0,84.88,243129.0,244679.0,198996.0,221594.0,386625.0,258393.0,69391.0,184336.0,89095.0,133990.0,197572.0,1199.21,1365.5,78.082,0.5036
2010-11-19,170392.0,-37680.0,-161263.0,1599.0,81.51,219433.0,257113.0,193263.0,208793.0,370056.0,242305.0,71913.0,154310.0,88182.0,86583.0,193881.0,1199.73,1352.3,78.504,0.5047
2010-11-26,126905.0,-23674.0,-141948.0,14541.0,83.76,229665.0,253339.0,175002.0,194271.0,336219.0,220089.0,93184.0,152127.0,97574.0,83033.0,176148.0,1189.4,1362.4,80.357,0.5079
2010-12-03,152065.0,-35965.0,-136630.0,-5171.0,89.19,218879.0,254844.0,181401.0,205690.0,342320.0,223158.0,71093.0,155670.0,88238.0,93409.0,180499.0,1224.71,1405.4,79.377,0.4683
2010-12-10,191171.0,-51150.0,-149334.0,-14614.0,87.79,215858.0,267008.0,179318.0,215426.0,364760.0,256833.0,65662.0,151504.0,83876.0,98490.0,171792.0,1240.4,1384.3,80.07,0.6363
2010-12-17,193048.0,-28117.0,-163566.0,-30263.0,88.02,219864.0,247981.0,203797.0,217821.0,381387.0,249262.0,56214.0,156230.0,79851.0,110114.0,163290.0,1243.91,1378.6,80.373,0.6052
2010-12-24,194304.0,-25537.0,-165744.0,-33890.0,91.51,223961.0,249498.0,207109.0,232255.0,397999.0,251181.0,56877.0,139410.0,70260.0,104150.0,161845.0,1256.77,1380.0,80.474,0.6474
2010-12-31,202221.0,-30913.0,-167698.0,-39671.0,91.38,218521.0,249434.0,215573.0,242533.0,410231.0,258539.0,56318.0,144576.0,74645.0,114316.0,160475.0,1257.64,1421.4,79.028,0.5934
2011-01-07,175862.0,-40933.0,-147290.0,-26396.0,88.03,219484.0,260417.0,214117.0,255853.0,403143.0,243095.0,67233.0,173759.0,88033.0,114429.0,185930.0,1271.5,1368.9,81.012,0.5931
2011-01-14,195655.0,-43637.0,-160004.0,-26570.0,91.54,227153.0,270790.0,220258.0,261807.0,421811.0,253290.0,57635.0,171581.0,83949.0,110519.0,193349.0,1293.24,1360.5,79.162,0.5685
2011-01-21,191203.0,-53978.0,-155525.0,-24652.0,89.11,217685.0,271663.0,229100.0,268028.0,423553.0,248173.0,56970.0,158832.0,78657.0,103309.0,195136.0,1283.35,1341.0,78.213,0.6087
2011-01-28,155487.0,-35460.0,-151294.0,-12170.0,89.34,225710.0,261170.0,225305.0,281457.0,432751.0,217026.0,61539.0,159824.0,87978.0,100148.0,202403.0,1276.34,1340.7,78.133,0.5385
2011-02-04,176448.0,-30043.0,-166737.0,-23739.0,89.03,232482.0,262525.0,229908.0,274856.0,441593.0,239160.0,62712.0,168359.0,85765.0,109504.0,201236.0,1310.87,1348.3,78.044,0.7444
2011-02-11,178432.0,-43054.0,-177956.0,-12924.0,85.58,233977.0,277031.0,215706.0,282313.0,460269.0,230615.0,52183.0,178313.0,92475.0,105399.0,193471.0,1329.15,1359.9,78.46,0.8342
2011-02-18,163670.0,-20289.0,-196267.0,1844.0,86.2,237017.0,257306.0,230612.0,263053.0,459320.0,218807.0,55137.0,173150.0,102360.0,100516.0,223321.0,1343.01,1388.2,77.664,0.7469
2011-02-25,206023.0,-41365.0,-217532.0,12999.0,97.88,227112.0,268477.0,219951.0,239343.0,456875.0,249629.0,43606.0,161267.0,100951.0,87952.0,209180.0,1319.88,1409.3,77.275,0.7117
2011-03-04,268622.0,-72780.0,-246889.0,3265.0,104.42,214304.0,287084.0,238357.0,218521.0,465410.0,293884.0,25262.0,173698.0,105158.0,101893.0,216119.0,1321.15,1428.6,76.4,0.6807
2011-03-11,274235.0,-72771.0,-244293.0,1347.0,101.16,208857.0,281628.0,251708.0,214667.0,458960.0,301202.0,26967.0,175558.0,108615.0,107268.0,207898.0,1304.28,1421.8,76.776,0.641
2011-03-18,251380.0,-73777.0,-236426.0,3188.0,101.07,209300.0,283077.0,253104.0,211915.0,448341.0,283647.0,32267.0,192122.0,111243.0,108055.0,206038.0,1279.2,1416.1,75.718,0.5845
2011-03-25,252218.0,-68483.0,-235497.0,1510.0,105.4,219866.0,288349.0,242571.0,193560.0,429057.0,281134.0,28916.0,167819.0,101606.0,100096.0,190251.0,1313.8,1426.2,76.217,0.7315
2011-04-01,261759.0,-71998.0,-225495.0,-6865.0,107.94,220575.0,292573.0,237370.0,197442.0,422937.0,293308.0,31549.0,174204.0,99559.0,106424.0,191482.0,1332.41,1428.1,75.833,0.7976
2011-04-08,267539.0,-75530.0,-213491.0,-15388.0,112.79,219135.0,294665.0,241169.0,207258.0,420749.0,296342.0,28803.0,191329.0,98112.0,113500.0,206030.0,1328.17,1473.4,75.066,0.8061
2011-04-15,251247.0,-76781.0,-210689.0,-7986.0,109.66,218316.0,295097.0,242371.0,205768.0,416457.0,279198.0,27951.0,207259.0,106443.0,114429.0,206997.0,1319.68,1485.3,74.832,0.6934
2011-04-22,259011.0,-78101.0,-217063.0,-4980.0,112.29,213452.0,291553.0,247053.0,205575.0,422638.0,296915.0,37904.0,184093.0,108911.0,113891.0,183644.0,1337.38,1503.2,74.108,0.652
2011-04-29,263236.0,-82877.0,-208573.0,-5168.0,113.93,210269.0,293146.0,253643.0,212961.0,421534.0,296609.0,33373.0,189465.0,108329.0,113497.0,184262.0,1363.61,1556.4,72.933,0.6013
2011-05-13,233569.0,-43477.0,-199694.0,-22055.0,99.65,233911.0,277388.0,270531.0,242001.0,441695.0,280900.0,47331.0,224474.0,99715.0,121770.0,209758.0,1337.77,1493.6,75.757,0.5325
2011-05-20,212008.0,-21434.0,-210093.0,-8929.0,99.49,246333.0,267767.0,264026.0,213390.0,423483.0,249943.0,37935.0,214586.0,94690.0,103619.0,199249.0,1333.27,1508.9,75.435,0.5114
2011-05-27,212940.0,-12582.0,-213058.0,-13748.0,100.59,252236.0,264818.0,258764.0,190807.0,403865.0,251438.0,38498.0,208491.0,91114.0,104862.0,184497.0,1331.1,1536.3,74.954,0.4764
2011-06-03,205827.0,-23397.0,-196222.0,-14690.0,100.22,239502.0,262899.0,250883.0,190142.0,386364.0,246234.0,40407.0,213862.0,91092.0,105782.0,186468.0,1300.16,1541.7,73.783,0.4248
2011-06-10,178217.0,-16817.0,-190762.0,-2093.0,99.29,244304.0,261121.0,245196.0,199725.0,390487.0,236116.0,57899.0,208285.0,99079.0,101172.0,185407.0,1270.98,1528.6,74.795,0.3981
2011-06-17,183113.0,-15880.0,-182095.0,-16742.0,93.01,244785.0,260665.0,252803.0,215705.0,397800.0,240024.0,56911.0,229812.0,97024.0,113766.0,212714.0,1271.5,1538.6,74.988,0.3749
2011-06-24,162190.0,10373.0,-188351.0,-13123.0,91.16,253614.0,243241.0,256507.0,203602.0,391953.0,228586.0,66396.0,213377.0,95579.0,108702.0,191939.0,1268.45,1500.5,75.665,0.329
2011-07-01,150004.0,20404.0,-176823.0,-15450.0,94.94,262671.0,242267.0,255758.0,205225.0,382048.0,223022.0,73018.0,211130.0,94929.0,110379.0,188991.0,1339.67,1482.6,74.349,0.4719
2011-07-08,159641.0,11905.0,-168704.0,-21251.0,96.2,253436.0,241531.0,256838.0,220185.0,388889.0,224114.0,64473.0,209482.0,93711.0,114962.0,182767.0,1343.8,1541.6,75.179,0.3909
2011-07-15,162288.0,2770.0,-174583.0,-11393.0,97.24,249215.0,246445.0,259950.0,218748.0,393331.0,228578.0,66290.0,210660.0,95859.0,107252.0,190729.0,1316.14,1590.1,75.126,0.3529
2011-07-22,171390.0,66.0,-185169.0,-16443.0,99.87,248381.0,248315.0,262173.0,202523.0,387692.0,237123.0,65733.0,199635.0,88726.0,105169.0,172683.0,1345.02,1601.5,74.201,0.3872
2011-07-29,180013.0,-9531.0,-182022.0,-21246.0,95.7,247217.0,256748.0,255319.0,207804.0,389826.0,244362.0,64349.0,202987.0,88717.0,109963.0,175425.0,1292.28,1628.3,73.897,0.3554
2011-08-05,157139.0,-822.0,-180409.0,-9763.0,86.88,246018.0,246840.0,254484.0,209270.0,389679.0,234663.0,77524.0,223987.0,95174.0,104937.0,174895.0,1199.38,1648.8,74.598,0.2878
2011-08-12,147112.0,19963.0,-185436.0,-11394.0,85.38,256007.0,236044.0,243605.0,217854.0,403290.0,227268.0,80156.0,237161.0,97991.0,109385.0,189361.0,1178.81,1740.2,74.607,0.1872
2011-08-19,148595.0,29672.0,-171357.0,-17361.0,82.26,251361.0,221689.0,262739.0,227731.0,399088.0,226918.0,78323.0,227064.0,96253.0,113614.0,186260.0,1123.53,1848.9,74.009,0.1893
2011-08-26,138771.0,28678.0,-179134.0,-2431.0,85.37,243994.0,215316.0,251834.0,213982.0,393116.0,218941.0,80170.0,204993.0,97285.0,99716.0,159069.0,1176.8,1794.1,73.814,0.1876
2011-09-02,155728.0,15154.0,-176928.0,-3040.0,86.45,233701.0,218547.0,257476.0,229271.0,406199.0,221311.0,65583.0,202791.0,97213.0,100253.0,176184.0,1173.97,1874.4,74.756,0.1961
2011-09-09,154127.0,6848.0,-181649.0,11015.0,87.24,231704.0,224856.0,260688.0,234295.0,415944.0,224199.0,70072.0,203278.0,113771.0,102756.0,184213.0,1154.23,1857.1,77.192,0.1688
2011-09-16,168798.0,-3251.0,-165765.0,-3403.0,87.96,219940.0,223191.0,260289.0,234528.0,400293.0,228362.0,59564.0,169175.0,106859.0,110262.0,169858.0,1216.01,1812.5,76.599,0.1652
2011-09-23,152875.0,-6232.0,-160168.0,7090.0,79.85,222968.0,229200.0,241326.0,198909.0,359077.0,217699.0,64824.0,157822.0,109351.0,102261.0,152315.0,1136.43,1637.7,78.501,0.2164
2011-09-30,141534.0,7450.0,-146501.0,-3848.0,79.2,223854.0,216404.0,247471.0,191916.0,338417.0,215424.0,73890.0,163934.0,104779.0,108627.0,168297.0,1131.42,1620.4,78.553,0.243
2011-10-07,126093.0,13176.0,-127561.0,-17929.0,82.98,223686.0,210510.0,248511.0,221038.0,348599.0,211402.0,85309.0,178816.0,104191.0,122120.0,176087.0,1155.46,1634.5,78.726,0.2882
2011-10-14,147448.0,8671.0,-129236.0,-26387.0,86.8,222021.0,213350.0,231132.0,221078.0,350314.0,210780.0,63332.0,166929.0,101513.0,127900.0,204365.0,1224.58,1681.8,76.623,0.2654
2011-10-21,158521.0,4332.0,-136601.0,-14150.0,87.4,230748.0,226416.0,241699.0,212549.0,349150.0,219391.0,60870.0,177791.0,103833.0,117983.0,187578.0,1238.25,1635.1,76.395,0.2668
2011-10-28,184147.0,-26334.0,-131057.0,-24429.0,93.32,209820.0,236154.0,252439.0,183208.0,314265.0,237254.0,53107.0,189467.0,97958.0,122387.0,155764.0,1285.09,1747.2,75.067,0.2892
2011-11-04,179845.0,-42192.0,-124087.0,-18233.0,94.26,203259.0,245451.0,250972.0,176167.0,300254.0,229279.0,49434.0,174009.0,94359.0,112592.0,147454.0,1253.23,1756.1,76.962,0.2184
2011-11-11,188181.0,-47213.0,-125295.0,-21139.0,98.99,205963.0,253176.0,238423.0,183398.0,308693.0,235730.0,47549.0,178351.0,93658.0,114797.0,144920.0,1263.85,1788.1,76.945,0.23
2011-11-18,191796.0,-36288.0,-141731.0,-18389.0,97.41,226642.0,262930.0,231860.0,158001.0,299732.0,230682.0,38886.0,181960.0,90436.0,108825.0,157397.0,1215.65,1725.1,78.064,0.2782
2011-11-25,166033.0,-55910.0,-121553.0,-8687.0,96.77,214000.0,269910.0,215599.0,144215.0,265768.0,210899.0,44866.0,182352.0,103053.0,111740.0,146717.0,1158.67,1685.7,79.686,0.2735
2011-12-02,173395.0,-57766.0,-120064.0,-16916.0,100.96,209706.0,267472.0,210782.0,156238.0,276302.0,212820.0,39425.0,187525.0,95185.0,112101.0,148539.0,1244.28,1747.0,78.625,0.25
2011-12-09,174323.0,-65689.0,-118152.0,-18519.0,99.41,206456.0,272145.0,216244.0,150361.0,268513.0,210754.0,36431.0,207324.0,97436.0,115955.0,157719.0,1255.19,1712.8,78.632,0.2221
2011-12-16,174381.0,-58854.0,-117234.0,-25078.0,93.53,206265.0,265119.0,218282.0,150934.0,268168.0,219394.0,45013.0,200689.0,92910.0,117988.0,166173.0,1219.66,1595.6,80.256,0.2218
2011-12-23,151304.0,-48365.0,-107763.0,-13262.0,99.68,214757.0,263122.0,213232.0,154546.0,262309.0,197370.0,46066.0,201663.0,91925.0,105187.0,149090.0,1265.33,1604.7,79.93,0.2824
2011-12-30,165505.0,-58737.0,-104632.0,-20917.0,98.83,209091.0,267828.0,217022.0,156058.0,260690.0,210113.0,44608.0,208606.0,86888.0,107805.0,159248.0,1257.6,1566.8,80.178,0.2391
2012-01-06,170031.0,-72921.0,-99231.0,-25563.0,101.56,200791.0,273712.0,215233.0,165377.0,264608.0,216478.0,46447.0,233740.0,84602.0,110165.0,170147.0,1277.81,1616.8,81.254,0.2559
2012-01-13,174085.0,-96749.0,-98646.0,-14737.0,98.7,187587.0,284336.0,205841.0,185446.0,284092.0,213674.0,39589.0,224917.0,98498.0,113235.0,178098.0,1289.09,1630.8,81.515,0.2213
2012-01-20,164170.0,-117277.0,-85839.0,7056.0,98.46,177496.0,294773.0,208839.0,191275.0,277114.0,204567.0,40397.0,221270.0,118429.0,111373.0,166757.0,1315.38,1664.0,80.223,0.2403
2012-01-27,175377.0,-119710.0,-85557.0,2468.0,99.56,172054.0,291764.0,206704.0,170878.0,256435.0,211106.0,35729.0,219377.0,111249.0,108781.0,163558.0,1316.33,1732.2,78.902,0.2108
2012-02-03,172921.0,-115800.0,-85660.0,-2222.0,97.84,175188.0,290988.0,205350.0,191271.0,276931.0,212097.0,39176.0,243461.0,109079.0,111301.0,177551.0,1344.9,1737.9,78.924,0.2302
2012-02-10,173469.0,-122252.0,-78905.0,-4584.0,98.67,165410.0,287662.0,209611.0,245608.0,324513.0,211129.0,37660.0,264493.0,104042.0,108626.0,192436.0,1342.64,1723.3,79.114,0.2739
2012-02-17,202222.0,-149622.0,-82191.0,2530.0,103.24,142467.0,292089.0,224095.0,233107.0,315298.0,236010.0,33788.0,255845.0,113271.0,110741.0,194535.0,1361.23,1724.5,79.331,0.2904
2012-02-24,215802.0,-180289.0,-81389.0,12378.0,109.77,126041.0,306330.0,217692.0,199034.0,280423.0,247891.0,32089.0,238369.0,119489.0,107111.0,201418.0,1365.74,1775.1,78.352,0.3049
2012-03-02,228392.0,-206844.0,-84706.0,26167.0,106.7,122631.0,329475.0,231101.0,226530.0,311236.0,261729.0,33337.0,246586.0,132927.0,106760.0,199106.0,1369.63,1709.8,79.403,0.2737
2012-03-09,209535.0,-198772.0,-74848.0,27417.0,107.4,125030.0,323802.0,234572.0,256041.0,330889.0,255274.0,45739.0,263664.0,141475.0,114058.0,211605.0,1370.87,1711.5,80.041,0.3178
2012-03-16,211932.0,-203221.0,-75396.0,31242.0,107.06,131223.0,334444.0,229623.0,245177.0,320573.0,263258.0,51326.0,258598.0,145694.0,114452.0,206959.0,1404.17,1655.8,79.786,0.3587
2012-03-23,203691.0,-196580.0,-72969.0,30901.0,106.87,131239.0,327819.0,226694.0,248976.0,321945.0,251223.0,47532.0,260093.0,143695.0,112794.0,199701.0,1397.11,1662.4,79.345,0.3517
2012-03-30,197396.0,-189504.0,-74445.0,32056.0,103.02,137253.0,326757.0,220325.0,255800.0,330245.0,243905.0,46509.0,265076.0,143782.0,111726.0,199647.0,1408.47,1669.3,79.004,0.3287
2012-04-06,179501.0,-174408.0,-70974.0,36056.0,103.31,141239.0,315647.0,233380.0,260888.0,331862.0,227856.0,48355.0,279977.0,147998.0,111942.0,179946.0,1398.08,1628.5,79.886,0.3136
2012-04-13,158966.0,-165373.0,-59745.0,38616.0,102.83,143009.0,308382.0,224056.0,269402.0,329147.0,214984.0,56018.0,282419.0,151628.0,113012.0,182380.0,1370.26,1659.1,79.888,0.266
2012-04-20,161324.0,-167595.0,-64026.0,52231.0,103.05,149130.0,316725.0,230675.0,261752.0,325778.0,206073.0,44749.0,282108.0,159270.0,107039.0,196372.0,1378.53,1642.1,79.194,0.2642
2012-04-27,164522.0,-166929.0,-65553.0,47864.0,104.93,152947.0,319876.0,216146.0,247780.0,313333.0,204591.0,40069.0,283337.0,152225.0,104361.0,198906.0,1403.36,1664.8,78.709,0.2578
2012-05-04,186101.0,-177329.0,-74134.0,40542.0,98.49,156819.0,334148.0,219626.0,249344.0,323478.0,225381.0,39280.0,292390.0,149156.0,108614.0,216954.0,1369.1,1645.2,79.498,0.254
2012-05-11,129143.0,-149274.0,-54747.0,54817.0,96.13,166275.0,315549.0,234720.0,250465.0,305212.0,195203.0,66060.0,279740.0,161423.0,106606.0,217607.0,1353.39,1584.0,80.264,0.258
2012-05-18,123616.0,-145636.0,-53546.0,60847.0,91.48,169206.0,314842.0,239132.0,230006.0,283552.0,188810.0,65194.0,256362.0,167501.0,106654.0,201477.0,1295.22,1591.9,81.292,0.2924
2012-05-25,121711.0,-141362.0,-48075.0,62360.0,90.86,166990.0,308352.0,230649.0,210255.0,258330.0,183591.0,61880.0,227108.0,160110.0,97750.0,191117.0,1317.82,1568.9,82.402,0.2853
2012-06-01,126238.0,-134773.0,-48644.0,52647.0,83.23,168549.0,303322.0,233655.0,204319.0,252963.0,187561.0,61323.0,215799.0,155679.0,103032.0,203341.0,1278.04,1620.5,82.89,0.2461
2012-06-08,119910.0,-112797.0,-40865.0,26927.0,84.1,175518.0,288315.0,243224.0,202553.0,243418.0,186853.0,66943.0,210371.0,139493.0,112566.0,217845.0,1325.66,1590.1,82.511,0.2659
2012-06-15,109578.0,-90655.0,-46635.0,21280.0,84.03,180337.0,270992.0,253835.0,195487.0,242122.0,178293.0,68715.0,221222.0,130333.0,109053.0,218105.0,1342.84,1627.0,81.628,0.2701
2012-06-22,101548.0,-82213.0,-45621.0,22360.0,79.76,180314.0,262527.0,256464.0,207150.0,252771.0,172770.0,71222.0,203553.0,128006.0,105646.0,209124.0,1335.02,1566.0,82.256,0.3028
2012-06-29,99765.0,-74353.0,-47521.0,13068.0,84.96,189426.0,263779.0,259230.0,201455.0,248976.0,172034.0,72269.0,199416.0,123537.0,110469.0,211092.0,1362.16,1604.2,81.627,0.3011
2012-07-06,113898.0,-85084.0,-48877.0,17685.0,84.45,182003.0,267087.0,253950.0,207438.0,256315.0,182356.0,68458.0,191215.0,137565.0,119880.0,210937.0,1354.68,1578.9,83.377,0.2698
2012-07-13,107720.0,-90797.0,-51703.0,30852.0,87.1,177670.0,268467.0,247903.0,214210.0,265913.0,180109.0,72389.0,180199.0,135298.0,104446.0,209705.0,1356.78,1592.0,83.349,0.238
2012-07-20,115229.0,-108773.0,-57403.0,57550.0,91.44,174982.0,283755.0,232080.0,217792.0,275195.0,182324.0,67095.0,187566.0,141297.0,83747.0,203309.0,1362.66,1582.8,83.478,0.2015
2012-07-27,124133.0,-130413.0,-59452.0,66560.0,90.13,162619.0,293032.0,227472.0,218406.0,277858.0,186661.0,62528.0,182987.0,153144.0,86584.0,196472.0,1385.97,1618.0,82.709,0.2386
2012-08-03,119858.0,-130275.0,-48099.0,54539.0,91.4,164061.0,294336.0,222262.0,228618.0,276717.0,185696.0,65838.0,181065.0,142352.0,87813.0,205392.0,1390.99,1606.0,82.375,0.2376
2012-08-10,150770.0,-157720.0,-46492.0,53729.0,92.87,151808.0,309528.0,216243.0,242812.0,289304.0,202071.0,51301.0,190103.0,146644.0,92915.0,234577.0,1405.87,1619.7,82.553,0.2606
2012-08-17,139067.0,-159873.0,-37743.0,54315.0,96.01,153223.0,313096.0,230358.0,249396.0,287139.0,191827.0,52760.0,190962.0,148724.0,94409.0,235014.0,1418.16,1616.3,82.596,0.2862
2012-08-24,161880.0,-176579.0,-55129.0,68535.0,96.15,153803.0,330382.0,230910.0,239126.0,294255.0,207308.0,45428.0,193689.0,155164.0,86629.0,220987.0,1411.13,1669.8,81.593,0.2674
2012-08-31,175109.0,-203039.0,-50140.0,74153.0,96.47,147924.0,350963.0,234682.0,264220.0,314360.0,214786.0,39677.0,193543.0,164844.0,90691.0,221819.0,1406.58,1685.3,81.208,0.2205
2012-09-07,177037.0,-208137.0,-41115.0,61555.0,96.42,143072.0,351209.0,243429.0,266176.0,307291.0,216183.0,39146.0,199539.0,157964.0,96409.0,227257.0,1437.92,1738.0,80.252,0.25
2012-09-14,185227.0,-226880.0,-32808.0,63438.0,99.0,133285.0,360165.0,251801.0,281042.0,313850.0,218695.0,33468.0,215046.0,162154.0,98716.0,250462.0,1465.77,1770.1,78.847,0.25
2012-09-21,192474.0,-247805.0,-30808.0,74677.0,92.89,125681.0,373486.0,261184.0,285650.0,316458.0,230043.0,37569.0,217844.0,166144.0,91467.0,244054.0,1460.15,1775.6,79.328,0.2581
2012-09-28,154102.0,-215628.0,-29103.0,77195.0,92.19,146423.0,362051.0,250161.0,267259.0,296362.0,205884.0,51782.0,212874.0,168778.0,91583.0,227580.0,1440.67,1771.1,79.935,0.2304
2012-10-05,141327.0,-205492.0,-18293.0,74553.0,89.88,148713.0,354205.0,242580.0,274280.0,292573.0,201089.0,59762.0,230350.0,165306.0,90753.0,217968.0,1460.93,1778.6,79.337,0.2579
2012-10-12,135000.0,-198409.0,-18613.0,78598.0,91.86,145727.0,344136.0,230931.0,260549.0,279162.0,199014.0,64014.0,227100.0,168323.0,89725.0,233137.0,1428.59,1758.0,79.667,0.26
2012-10-19,140812.0,-189619.0,-19764.0,65660.0,90.05,148128.0,337747.0,232160.0,293782.0,313546.0,204545.0,63733.0,225918.0,160639.0,94979.0,242680.0,1433.19,1722.8,79.621,0.2945
2012-10-26,112939.0,-176729.0,-18514.0,73442.0,86.28,158135.0,334864.0,223941.0,304886.0,323400.0,196929.0,83990.0,218718.0,165569.0,92127.0,233504.0,1411.94,1710.9,80.068,0.297
2012-11-02,97963.0,-157529.0,-17320.0,71612.0,84.86,169837.0,327366.0,225526.0,310478.0,327798.0,190172.0,92209.0,214585.0,169481.0,97869.0,241022.0,1414.2,1675.2,80.593,0.2816
2012-11-09,98840.0,-153429.0,-10464.0,67004.0,86.07,167114.0,320543.0,221210.0,301938.0,312402.0,188831.0,89991.0,240105.0,164622.0,97618.0,257582.0,1379.85,1730.9,81.026,0.258
2012-11-16,79207.0,-160522.0,-22092.0,98560.0,86.67,161153.0,321675.0,212122.0,267657.0,289749.0,170660.0,91453.0,238172.0,170686.0,72126.0,238567.0,1359.88,1714.7,81.257,0.2379
2012-11-23,90550.0,-162457.0,-21521.0,87329.0,88.28,169839.0,332296.0,193625.0,263099.0,284620.0,176931.0,86381.0,239243.0,163819.0,76490.0,215268.0,1409.15,1751.4,80.192,0.2703
2012-11-30,98216.0,-161138.0,-24621.0,81818.0,88.91,170827.0,331965.0,196443.0,269191.0,293812.0,180902.0,82686.0,241163.0,157943.0,76125.0,228012.0,1416.18,1710.9,80.153,0.2461
2012-12-07,112197.0,-165745.0,-30948.0,81636.0,85.93,170131.0,335876.0,187849.0,274626.0,305574.0,187019.0,74822.0,252826.0,159046.0,77410.0,240752.0,1418.07,1704.0,80.408,0.2381
2012-12-14,83512.0,-154604.0,-21645.0,82827.0,86.73,173416.0,328020.0,175087.0,282582.0,304227.0,181172.0,97660.0,250727.0,161062.0,78235.0,232109.0,1413.58,1695.8,79.58,0.234
2012-12-21,103023.0,-168360.0,-15592.0,79888.0,88.66,170041.0,338401.0,176634.0,257350.0,272942.0,184629.0,81606.0,250607.0,157000.0,77112.0,223548.0,1430.15,1659.1,79.617,0.2661
2012-12-28,117481.0,-173346.0,-18959.0,77226.0,90.8,170076.0,343422.0,173966.0,249144.0,268103.0,185839.0,68358.0,252017.0,159041.0,81815.0,216062.0,1402.43,1655.9,79.678,0.2465
2013-01-04,136473.0,-182426.0,-17267.0,61605.0,93.09,165422.0,347848.0,180684.0,238703.0,255970.0,188972.0,52499.0,256689.0,147980.0,86375.0,224094.0,1466.47,1648.9,80.499,0.2635
2013-01-11,161164.0,-203734.0,-14652.0,53614.0,93.56,154641.0,358375.0,176504.0,243476.0,258128.0,202209.0,41045.0,241949.0,145651.0,92037.0,235608.0,1472.05,1660.6,79.563,0.2489
2013-01-18,172686.0,-230400.0,-9216.0,54065.0,95.56,141683.0,372083.0,175788.0,247259.0,256475.0,209693.0,37007.0,254296.0,144437.0,90372.0,238941.0,1485.98,1687.0,80.036,0.2503
2013-01-25,197408.0,-248197.0,-4212.0,48695.0,95.88,131122.0,379319.0,168406.0,236622.0,240834.0,228075.0,30667.0,257452.0,138409.0,89714.0,250697.0,1502.96,1656.6,79.748,0.2718
2013-02-01,207054.0,-270629.0,-5102.0,60935.0,97.77,125014.0,395643.0,168655.0,247065.0,252167.0,232827.0,25773.0,280007.0,146077.0,85142.0,274252.0,1513.17,1669.4,79.125,0.2618
2013-02-08,201833.0,-281857.0,869.0,64971.0,95.72,123287.0,405144.0,183538.0,264415.0,263546.0,227589.0,25756.0,284160.0,152474.0,87503.0,276164.0,1517.93,1666.0,80.246,0.25
2013-02-15,209565.0,-294181.0,8518.0,63310.0,95.86,121229.0,415410.0,175793.0,274594.0,266076.0,235696.0,26131.0,329099.0,156206.0,92896.0,271789.0,1519.79,1608.8,80.58,0.2661
2013-02-22,181536.0,-292574.0,22626.0,76382.0,93.13,124103.0,416677.0,168465.0,284518.0,261892.0,215261.0,33725.0,338991.0,165094.0,88712.0,268480.0,1515.6,1572.4,81.482,0.248
2013-03-01,150425.0,-273952.0,25672.0,85673.0,90.68,130567.0,404519.0,174514.0,280212.0,254540.0,198020.0,47595.0,337843.0,176789.0,91116.0,277285.0,1518.2,1572.3,82.313,0.2342
2013-03-08,143030.0,-253754.0,23440.0,92710.0,91.95,132423.0,386177.0,179741.0,298063.0,274623.0,200350.0,57320.0,338179.0,180057.0,87347.0,298070.0,1551.18,1576.9,82.696,0.25
2013-03-15,145029.0,-251990.0,26703.0,83166.0,93.45,131086.0,383076.0,183143.0,286739.0,260036.0,204471.0,59442.0,353216.0,171996.0,88830.0,307587.0,1560.7,1592.6,82.261,0.25
2013-03-22,150313.0,-247894.0,26041.0,73408.0,93.71,124513.0,372407.0,186768.0,268589.0,242548.0,200592.0,50279.0,334001.0,157494.0,84086.0,298224.0,1556.89,1606.1,82.376,0.25
2013-03-29,175874.0,-256046.0,12147.0,68733.0,97.23,123761.0,379807.0,188504.0,293194.0,281047.0,213640.0,37766.0,343920.0,151206.0,82473.0,298546.0,1569.19,1594.8,82.976,0.2421
2013-04-05,180796.0,-264719.0,8245.0,68054.0,92.7,125695.0,390414.0,183521.0,295089.0,286844.0,215348.0,34552.0,357061.0,154468.0,86414.0,313427.0,1553.28,1575.4,82.496,0.2282
2013-04-12,171631.0,-246304.0,15032.0,51767.0,91.29,126783.0,373087.0,199693.0,314763.0,299731.0,208268.0,36637.0,376178.0,140935.0,89168.0,314310.0,1588.85,1501.0,82.311,0.226
2013-04-19,160662.0,-225488.0,18836.0,50041.0,88.01,131194.0,356682.0,210142.0,316106.0,297270.0,209132.0,48470.0,361004.0,138912.0,88871.0,319138.0,1555.25,1395.3,82.714,0.2298
2013-04-26,163696.0,-223811.0,24624.0,47879.0,93.0,132454.0,356265.0,197457.0,306370.0,281746.0,227376.0,63680.0,345100.0,139484.0,91605.0,297702.0,1582.24,1453.6,82.502,0.2112
2013-05-03,172115.0,-232399.0,31975.0,37826.0,95.61,123179.0,355578.0,213723.0,336026.0,304051.0,225224.0,53109.0,346185.0,141381.0,103555.0,307311.0,1614.42,1464.2,82.125,0.2158
2013-05-10,187390.0,-256244.0,39693.0,33236.0,96.04,112196.0,368440.0,206243.0,352923.0,313230.0,224475.0,37085.0,365293.0,137202.0,103966.0,291720.0,1633.7,1436.6,83.143,0.2367
2013-05-17,195080.0,-270761.0,36326.0,37510.0,96.02,107898.0,378659.0,205643.0,349207.0,312881.0,227380.0,32300.0,370797.0,132961.0,95451.0,279615.0,1667.47,1364.7,84.252,0.2418
2013-05-24,213749.0,-296772.0,28962.0,55195.0,94.15,104955.0,401727.0,193108.0,344984.0,316022.0,247573.0,33824.0,352290.0,138532.0,83337.0,273811.0,1649.6,1386.6,83.7,0.2472
2013-05-31,202796.0,-286562.0,27995.0,54343.0,91.97,108801.0,395363.0,203835.0,347618.0,319623.0,238439.0,35643.0,343229.0,141442.0,87099.0,275311.0,1630.74,1392.6,83.375,0.2933
2013-06-07,199735.0,-277940.0,30522.0,56099.0,96.03,112568.0,390508.0,204853.0,335330.0,304808.0,238624.0,38889.0,334288.0,141112.0,85013.0,290965.0,1643.38,1383.0,81.669,0.3017
2013-06-14,215957.0,-290115.0,22249.0,53874.0,97.85,113795.0,403910.0,203073.0,346367.0,324118.0,248569.0,32612.0,359480.0,141198.0,87324.0,311198.0,1626.73,1387.3,80.67,0.2701
2013-06-21,241454.0,-319789.0,25360.0,57281.0,93.69,110747.0,430536.0,208808.0,352588.0,327228.0,268324.0,26870.0,379339.0,143373.0,86092.0,310114.0,1592.43,1291.6,82.318,0.3676
2013-06-28,221089.0,-302312.0,27726.0,53385.0,96.56,116253.0,418565.0,209548.0,360818.0,333092.0,246278.0,25189.0,354702.0,141479.0,88094.0,290364.0,1606.28,1223.7,83.136,0.3554
2013-07-05,243879.0,-321467.0,29677.0,45716.0,103.22,114673.0,436140.0,199702.0,365560.0,335883.0,272728.0,28849.0,330917.0,132321.0,86605.0,261548.0,1631.89,1212.7,84.449,0.3948
2013-07-12,256824.0,-356264.0,40080.0,48568.0,105.95,107809.0,464073.0,208980.0,368721.0,328641.0,287615.0,30791.0,334946.0,137311.0,88743.0,275233.0,1680.19,1277.6,82.988,0.339
2013-07-19,275822.0,-388916.0,48755.0,53627.0,108.05,103571.0,492487.0,227704.0,371534.0,322779.0,303124.0,27302.0,355051.0,140118.0,86491.0,279637.0,1692.09,1292.9,82.607,0.2982
2013-07-26,305844.0,-414817.0,42402.0,55222.0,104.7,98616.0,513433.0,225699.0,375919.0,333517.0,335934.0,30090.0,317115.0,140127.0,84905.0,276572.0,1691.65,1321.5,81.657,0.3127
2013-08-02,300993.0,-421239.0,49318.0,61948.0,106.94,95991.0,517230.0,218425.0,356355.0,307037.0,332291.0,31298.0,319841.0,146133.0,84185.0,276820.0,1709.67,1310.6,81.908,0.2974
2013-08-09,286291.0,-413639.0,50815.0,71235.0,105.97,107156.0,520795.0,219104.0,374057.0,323242.0,326132.0,39841.0,320758.0,152117.0,80882.0,283895.0,1691.42,1312.9,81.126,0.3018
2013-08-16,275059.0,-401842.0,48031.0,75416.0,107.46,114638.0,516480.0,200454.0,404866.0,356835.0,317888.0,42829.0,363037.0,156669.0,81253.0,283748.0,1655.83,1371.7,81.257,0.3386
2013-08-23,269322.0,-406937.0,50665.0,76055.0,106.42,123554.0,530491.0,177830.0,352499.0,301834.0,319573.0,50251.0,356378.0,150574.0,74519.0,257140.0,1663.5,1395.7,81.361,0.3761
2013-08-30,273887.0,-410739.0,44748.0,71243.0,107.65,124005.0,534744.0,184320.0,352418.0,307670.0,324636.0,50749.0,359023.0,146857.0,75614.0,261294.0,1632.97,1395.8,82.087,0.3987
2013-09-06,262018.0,-404730.0,42348.0,77330.0,110.53,124381.0,529111.0,190310.0,343344.0,300996.0,313572.0,51554.0,375351.0,151349.0,74019.0,256925.0,1655.17,1386.2,82.146,0.4545
2013-09-13,247784.0,-399267.0,44391.0,87041.0,108.21,125761.0,525028.0,198048.0,360768.0,316377.0,303451.0,55667.0,395100.0,156771.0,69730.0,260887.0,1687.99,1308.4,81.452,0.4312
2013-09-20,245409.0,-385872.0,41895.0,81422.0,104.67,130620.0,516492.0,215789.0,363805.0,321910.0,297439.0,52030.0,392255.0,150920.0,69498.0,274579.0,1709.91,1332.6,80.431,0.3304
2013-09-27,243711.0,-375997.0,35854.0,77047.0,102.87,125116.0,501113.0,219626.0,373515.0,337661.0,285293.0,41582.0,374108.0,146293.0,69246.0,262163.0,1691.75,1338.4,80.287,0.3324
2013-10-04,225134.0,-362958.0,29285.0,90304.0,103.84,127520.0,490478.0,219082.0,361200.0,331915.0,267757.0,42623.0,373846.0,156324.0,66020.0,259404.0,1690.5,1309.7,80.122,0.3292
2013-10-11,222423.0,-357828.0,26711.0,93171.0,102.02,128946.0,486774.0,204576.0,361556.0,334845.0,264481.0,42058.0,408106.0,163470.0,70299.0,249979.0,1703.2,1268.0,80.362,0.3501
2013-10-18,218517.0,-346069.0,28684.0,84415.0,100.81,132921.0,478990.0,195539.0,352482.0,323798.0,261855.0,43338.0,391693.0,155059.0,70644.0,249523.0,1744.5,1314.4,79.654,0.3106
2013-10-25,229257.0,-340868.0,24141.0,69939.0,97.85,138941.0,479809.0,190413.0,337257.0,313116.0,273597.0,44340.0,380319.0,152127.0,82188.0,231744.0,1759.77,1352.4,79.194,0.2989
2013-11-01,222999.0,-323692.0,17210.0,79217.0,94.61,140467.0,464159.0,199431.0,367672.0,350462.0,269361.0,46362.0,329608.0,153503.0,74286.0,240857.0,1761.64,1313.2,80.716,0.3091
2013-11-08,217541.0,-328415.0,17171.0,81973.0,94.6,140866.0,469281.0,193480.0,325560.0,308389.0,274452.0,56911.0,325293.0,162281.0,80308.0,235153.0,1770.61,1284.6,81.303,0.3098
2013-11-15,210253.0,-330552.0,20634.0,95313.0,93.84,142941.0,473493.0,193035.0,313333.0,292699.0,275451.0,65198.0,324662.0,178559.0,83246.0,226820.0,1798.18,1287.4,80.849,0.2902
2013-11-22,224176.0,-334833.0,19144.0,88984.0,94.84,153254.0,488087.0,156267.0,299329.0,280185.0,269600.0,45424.0,282261.0,161442.0,72458.0,220088.0,1804.76,1244.1,80.708,0.2784
2013-11-29,217694.0,-323911.0,13613.0,89845.0,92.72,156031.0,479942.0,162439.0,281064.0,267451.0,268474.0,50780.0,298360.0,170617.0,80772.0,218906.0,1805.81,1250.6,80.68,0.2814
2013-12-06,234071.0,-330396.0,5652.0,86777.0,97.65,150375.0,480771.0,162476.0,275913.0,270261.0,283646.0,49575.0,292434.0,173899.0,87122.0,226312.0,1805.09,1230.3,80.315,0.3016
2013-12-13,240828.0,-354745.0,5022.0,108175.0,96.6,147417.0,502162.0,144935.0,278899.0,273877.0,280202.0,39374.0,300205.0,180208.0,72033.0,249814.0,1775.32,1235.7,80.214,0.3242
2013-12-20,242905.0,-348145.0,-1830.0,103795.0,99.32,142584.0,490729.0,148593.0,281234.0,283064.0,284764.0,41859.0,294549.0,172204.0,68409.0,227170.0,1818.32,1205.1,80.575,0.3756
2013-12-27,255588.0,-358932.0,-5616.0,97177.0,100.32,142959.0,501891.0,144282.0,273742.0,279358.0,290616.0,35028.0,284055.0,167590.0,70413.0,212991.0,1841.4,1216.1,80.392,0.3874
2014-01-03,262359.0,-359248.0,-10620.0,92930.0,93.96,141587.0,500835.0,148572.0,267058.0,277678.0,296918.0,34559.0,289084.0,165110.0,72180.0,222236.0,1831.37,1238.6,80.791,0.3965
2014-01-10,240668.0,-336168.0,-9155.0,90343.0,92.72,152546.0,488714.0,148514.0,270268.0,279423.0,293342.0,52674.0,278388.0,161487.0,71144.0,227657.0,1842.37,1246.9,80.658,0.3699
2014-01-17,221375.0,-320821.0,-16487.0,105976.0,94.37,154044.0,474865.0,154487.0,251561.0,268048.0,287413.0,66038.0,273760.0,175773.0,69797.0,238399.0,1838.7,1251.9,81.225,0.3712
2014-01-24,221930.0,-319086.0,-20367.0,118119.0,96.64,154222.0,473308.0,150931.0,253757.0,274124.0,291125.0,69195.0,269602.0,182381.0,64262.0,232154.0,1790.29,1264.3,80.458,0.3355
2014-01-31,250303.0,-325827.0,-28135.0,100843.0,97.49,154156.0,479983.0,145161.0,242440.0,270575.0,302094.0,51791.0,250143.0,169376.0,68533.0,244288.0,1782.59,1240.1,81.311,0.3277
2014-02-07,269712.0,-333647.0,-30400.0,90505.0,99.88,148468.0,482115.0,135697.0,238612.0,269012.0,310000.0,40288.0,246693.0,161978.0,71473.0,236476.0,1797.02,1263.3,80.691,0.3034
2014-02-14,292058.0,-353362.0,-36402.0,90276.0,100.3,138217.0,491579.0,131189.0,264400.0,300802.0,322701.0,30643.0,268756.0,164041.0,73765.0,264846.0,1838.63,1319.0,80.136,0.3107
2014-02-21,323772.0,-385139.0,-38813.0,92669.0,102.2,127293.0,512432.0,133026.0,258572.0,297385.0,346569.0,22797.0,254963.0,165475.0,72806.0,266410.0,1836.25,1323.9,80.237,0.3142
2014-02-28,329129.0,-388120.0,-45101.0,87309.0,102.59,124884.0,513004.0,130452.0,253343.0,298444.0,354507.0,25378.0,247615.0,159995.0,72686.0,270337.0,1859.45,1321.6,79.691,0.3169
2014-03-07,339278.0,-395059.0,-50736.0,86540.0,102.58,120870.0,515929.0,141660.0,261282.0,312018.0,363546.0,24268.0,258477.0,158181.0,71641.0,283300.0,1878.04,1338.2,79.719,0.3693
2014-03-14,326589.0,-382470.0,-48301.0,80243.0,98.89,121290.0,503760.0,146477.0,276263.0,324564.0,355002.0,28413.0,269413.0,156074.0,75831.0,267999.0,1841.13,1379.0,79.446,0.3424
2014-03-21,290221.0,-362509.0,-39490.0,94064.0,99.46,129762.0,492271.0,147414.0,271961.0,311451.0,330474.0,40253.0,242964.0,162146.0,68082.0,243184.0,1866.52,1336.0,80.105,0.4245
2014-03-28,282636.0,-360505.0,-49185.0,108538.0,101.67,130611.0,491116.0,142673.0,261707.0,310892.0,328802.0,46166.0,246101.0,169278.0,60740.0,236180.0,1857.62,1293.8,80.176,0.4496
2014-04-04,293765.0,-355166.0,-55127.0,98018.0,101.14,134882.0,490048.0,141212.0,285675.0,340802.0,338867.0,45102.0,248107.0,163522.0,65504.0,239504.0,1865.09,1303.2,80.423,0.4107
2014-04-11,319895.0,-356860.0,-65680.0,79892.0,103.74,133370.0,490230.0,136000.0,289713.0,355393.0,350767.0,30872.0,246689.0,161268.0,81376.0,237804.0,1815.69,1318.7,79.452,0.355
2014-04-18,331375.0,-360161.0,-68976.0,78176.0,104.3,130363.0,490524.0,142410.0,296835.0,365811.0,363758.0,32383.0,246749.0,159732.0,81556.0,233128.0,1864.85,1293.4,79.847,0.3952
2014-04-25,322788.0,-354750.0,-77349.0,87337.0,100.6,130304.0,485054.0,138957.0,267481.0,344830.0,355102.0,32314.0,235437.0,161921.0,74584.0,232787.0,1863.4,1300.7,79.749,0.43
2014-05-02,320305.0,-346989.0,-78576.0,82022.0,99.76,128458.0,475447.0,152906.0,268335.0,346911.0,354435.0,34130.0,252986.0,167583.0,85561.0,232162.0,1881.14,1302.9,79.516,0.4224
2014-05-09,292654.0,-328669.0,-76258.0,90439.0,99.99,132587.0,461256.0,155095.0,261166.0,337424.0,323525.0,30871.0,263976.0,169376.0,78937.0,239092.0,1878.48,1287.6,79.903,0.383
2014-05-16,296627.0,-321766.0,-85599.0,91112.0,102.02,131502.0,453268.0,154210.0,247474.0,333073.0,325314.0,28687.0,275478.0,169766.0,78654.0,226818.0,1877.86,1293.4,80.043,0.3589
2014-05-23,311892.0,-340114.0,-89069.0,98316.0,104.35,129427.0,469541.0,133994.0,227820.0,316889.0,345335.0,33443.0,258939.0,162257.0,63941.0,250659.0,1900.53,1291.7,80.393,0.3424
2014-05-30,335526.0,-357530.0,-87962.0,87610.0,102.71,123369.0,480899.0,140223.0,214519.0,302481.0,365589.0,30063.0,261316.0,160546.0,72936.0,261201.0,1923.57,1245.6,80.369,0.373
2014-06-06,336164.0,-349267.0,-92307.0,80421.0,102.66,121163.0,470430.0,146295.0,236255.0,328562.0,362982.0,26818.0,262366.0,157574.0,77153.0,264979.0,1949.44,1252.1,80.409,0.3988
2014-06-13,329396.0,-351484.0,-95298.0,88615.0,106.91,113658.0,465142.0,135694.0,253211.0,348509.0,356487.0,27091.0,270893.0,164389.0,75774.0,267663.0,1936.16,1273.7,80.576,0.4493
2014-06-20,332282.0,-382436.0,-105340.0,124874.0,107.26,108480.0,490916.0,136798.0,246056.0,351396.0,367081.0,34799.0,289917.0,177980.0,53106.0,286092.0,1962.87,1316.2,80.372,0.4561
2014-06-27,322988.0,-395811.0,-96769.0,135981.0,105.74,104340.0,500151.0,147314.0,249236.0,346005.0,360883.0,37895.0,297814.0,187133.0,51152.0,269319.0,1960.96,1320.0,80.039,0.4607
2014-07-04,311395.0,-394050.0,-87332.0,134445.0,104.06,108087.0,502137.0,152277.0,264738.0,352070.0,348787.0,37392.0,310414.0,186925.0,52480.0,279359.0,1985.44,1320.6,80.269,0.5059
2014-07-11,295308.0,-385019.0,-77611.0,129579.0,100.83,108998.0,494017.0,158441.0,261720.0,339331.0,334110.0,38802.0,308122.0,180321.0,50742.0,284681.0,1967.57,1337.4,80.187,0.4479
2014-07-18,263941.0,-369677.0,-57258.0,135662.0,103.13,113618.0,483295.0,159351.0,282359.0,339617.0,304847.0,40906.0,305830.0,184882.0,49220.0,275116.0,1978.22,1309.4,80.524,0.4777
2014-07-25,261270.0,-350839.0,-53426.0,110174.0,102.09,120260.0,471099.0,146572.0,248205.0,301631.0,297492.0,36222.0,296839.0,170082.0,59908.0,266747.0,1978.34,1303.3,81.029,0.4877
2014-08-01,265500.0,-351868.0,-50521.0,99239.0,97.88,119077.0,470945.0,152386.0,227621.0,278142.0,302682.0,37182.0,300352.0,167433.0,68194.0,262942.0,1925.15,1293.6,81.302,0.4723
2014-08-08,237094.0,-339399.0,-41297.0,110110.0,97.65,124997.0,464396.0,150201.0,232751.0,274048.0,283767.0,46673.0,289429.0,166777.0,56667.0,245795.0,1931.59,1308.9,81.389,0.4442
2014-08-15,218475.0,-326346.0,-27673.0,105591.0,97.35,122677.0,449023.0,141699.0,233198.0,260871.0,267654.0,49179.0,315427.0,165677.0,60086.0,248015.0,1955.06,1304.5,81.424,0.4074
2014-08-22,196693.0,-326702.0,-25021.0,126780.0,93.65,115409.0,442111.0,141903.0,215613.0,240634.0,260743.0,64050.0,308076.0,168545.0,41765.0,252249.0,1988.4,1278.6,82.336,0.4918
2014-08-29,195742.0,-309326.0,-31251.0,121985.0,95.96,119804.0,429130.0,143263.0,213757.0,245008.0,260843.0,65101.0,320692.0,163407.0,41422.0,252902.0,2003.37,1286.5,82.748,0.4882
2014-09-05,182206.0,-294554.0,-30083.0,120358.0,93.29,126875.0,421429.0,140750.0,205524.0,235607.0,258396.0,76190.0,331545.0,162662.0,42304.0,252909.0,2007.71,1266.3,83.739,0.5079
2014-09-12,198162.0,-287062.0,-31568.0,101820.0,92.27,128531.0,415593.0,144537.0,208074.0,239642.0,270286.0,72124.0,322450.0,156294.0,54474.0,246524.0,1985.54,1230.4,84.24,0.5602
2014-09-19,208750.0,-280684.0,-29199.0,88531.0,92.41,118467.0,399151.0,163754.0,192368.0,221567.0,277164.0,68414.0,309683.0,157253.0,68722.0,236682.0,2010.4,1215.5,84.735,0.5649
2014-09-26,194069.0,-270086.0,-43914.0,101983.0,93.54,120525.0,390611.0,154152.0,188984.0,232898.0,264713.0,70644.0,288442.0,158526.0,56543.0,232795.0,1982.85,1214.1,85.64,0.5748
2014-10-03,207954.0,-270270.0,-43941.0,87992.0,89.74,118432.0,388702.0,157379.0,187631.0,231572.0,272403.0,64449.0,279030.0,154286.0,66294.0,240545.0,1967.9,1192.2,86.694,0.5575
2014-10-10,199970.0,-259562.0,-54342.0,93713.0,85.82,121438.0,381000.0,152120.0,204759.0,259101.0,273096.0,73126.0,259865.0,162546.0,68833.0,243515.0,1906.13,1221.0,85.912,0.4239
2014-10-17,202186.0,-246982.0,-46418.0,76594.0,82.75,129813.0,376795.0,137200.0,235755.0,282173.0,283237.0,81051.0,250772.0,158388.0,81794.0,259503.0,1886.76,1238.3,85.11,0.3709
2014-10-24,211357.0,-234588.0,-52666.0,68744.0,81.01,147210.0,381798.0,120817.0,221691.0,274357.0,277256.0,65899.0,232040.0,153093.0,84349.0,237956.0,1964.58,1231.2,85.732,0.3859
2014-10-31,205734.0,-222975.0,-55232.0,61570.0,80.54,140097.0,363072.0,131114.0,235349.0,290581.0,271486.0,65752.0,230454.0,156600.0,95030.0,237496.0,2018.05,1171.6,86.917,0.4914
2014-11-07,192671.0,-221053.0,-58400.0,75861.0,78.65,133495.0,354548.0,140671.0,231568.0,289968.0,268471.0,75800.0,237758.0,167178.0,91317.0,245274.0,2031.92,1169.8,87.642,0.4985
2014-11-14,203264.0,-227656.0,-61745.0,73568.0,75.82,125413.0,353069.0,141164.0,234178.0,295923.0,271818.0,68554.0,247229.0,170301.0,96733.0,241587.0,2039.82,1185.6,87.525,0.5119
2014-11-21,182375.0,-226752.0,-48031.0,72988.0,76.51,117317.0,344069.0,151277.0,218559.0,266590.0,252086.0,69711.0,266583.0,151627.0,78639.0,224717.0,2063.5,1197.7,88.31,0.501
2014-11-28,168388.0,-220124.0,-49934.0,84613.0,66.15,110460.0,330584.0,129852.0,201683.0,251617.0,245213.0,76825.0,231379.0,155408.0,70795.0,237347.0,2067.56,1175.2,88.356,0.4685
2014-12-05,197643.0,-216437.0,-53509.0,67353.0,65.84,110493.0,326930.0,134313.0,213400.0,266909.0,260916.0,63273.0,242551.0,147802.0,80449.0,260697.0,2075.37,1190.1,89.334,0.6433
2014-12-12,202921.0,-212932.0,-54900.0,58855.0,57.81,108635.0,321567.0,135477.0,220662.0,275562.0,263232.0,60311.0,234269.0,150523.0,91668.0,260155.0,2002.33,1222.0,88.363,0.5401
2014-12-19,215139.0,-230366.0,-68073.0,68940.0,56.52,112532.0,342898.0,138159.0,203106.0,271179.0,276135.0,60996.0,233013.0,158897.0,89957.0,272999.0,2070.65,1195.9,89.598,0.638
2014-12-26,200896.0,-218068.0,-71339.0,80753.0,54.73,115440.0,333508.0,163709.0,194950.0,266289.0,257276.0,56380.0,231581.0,155505.0,74752.0,241344.0,2088.77,1195.3,90.03,0.7393
2015-01-02,194484.0,-204238.0,-76339.0,78000.0,52.69,122086.0,326324.0,167129.0,193840.0,270179.0,259253.0,64769.0,231540.0,161931.0,83931.0,246843.0,2058.2,1186.2,91.08,0.6647
2015-01-09,188251.0,-198481.0,-81397.0,80549.0,48.36,120253.0,318734.0,164834.0,205377.0,286774.0,270010.0,81759.0,241346.0,170811.0,90262.0,249669.0,2044.81,1216.1,91.935,0.561
2015-01-16,204795.0,-182387.0,-101400.0,70685.0,48.69,127038.0,309425.0,167893.0,229511.0,330911.0,305707.0,100912.0,274875.0,179757.0,109072.0,255954.0,2019.42,1276.9,92.52,0.4835
2015-01-23,205706.0,-170412.0,-115839.0,75563.0,45.59,136898.0,307310.0,162165.0,223956.0,339795.0,304529.0,98823.0,257452.0,175979.0,100416.0,247332.0,2051.82,1292.6,94.762,0.4864
2015-01-30,203744.0,-162193.0,-124442.0,70527.0,48.24,142675.0,304868.0,170178.0,255666.0,380108.0,319868.0,116124.0,259279.0,176413.0,105886.0,260172.0,1994.99,1278.5,94.804,0.4488
2015-02-06,193444.0,-149161.0,-124431.0,78752.0,51.69,176078.0,325239.0,171717.0,258305.0,382736.0,310803.0,117359.0,279144.0,177453.0,98701.0,269197.0,2055.47,1233.9,94.698,0.6435
2015-02-13,195046.0,-160360.0,-113659.0,76481.0,52.78,184439.0,344799.0,160785.0,256509.0,370168.0,300286.0,105240.0,292900.0,178703.0,102222.0,267659.0,2096.99,1226.5,94.201,0.6411
2015-02-20,208558.0,-169146.0,-127486.0,90832.0,50.34,175161.0,344307.0,160597.0,244656.0,372142.0,309159.0,100601.0,287510.0,169582.0,78750.0,264960.0,2110.3,1204.4,94.253,0.6321
2015-02-27,198427.0,-154497.0,-125837.0,71410.0,49.76,183707.0,338204.0,157972.0,264401.0,390238.0,317774.0,119347.0,259491.0,173131.0,101721.0,251774.0,2104.5,1213.1,95.293,0.6184
2015-03-06,164194.0,-142117.0,-128283.0,98095.0,49.61,201464.0,343581.0,162251.0,239843.0,368126.0,300081.0,135887.0,275294.0,197867.0,99772.0,229068.0,2071.26,1164.3,97.615,0.7234
2015-03-13,160285.0,-139147.0,-124333.0,100374.0,44.84,201092.0,340239.0,158751.0,206207.0,330540.0,301134.0,140849.0,277579.0,194008.0,93634.0,251241.0,2053.4,1152.4,100.33,0.657
2015-03-20,144496.0,-118443.0,-132691.0,98992.0,45.72,219413.0,337856.0,167696.0,205668.0,338359.0,314564.0,170068.0,299396.0,202392.0,103400.0,262784.0,2108.1,1184.6,97.909,0.5812
2015-03-27,141964.0,-84265.0,-117440.0,64923.0,48.87,236742.0,321007.0,158264.0,200057.0,317497.0,315174.0,173210.0,304287.0,198412.0,133489.0,259275.0,2061.02,1199.8,97.291,0.5944
2015-04-03,175453.0,-99608.0,-126738.0,51242.0,49.14,220302.0,319910.0,148619.0,209706.0,336444.0,324675.0,149222.0,313452.0,191353.0,140111.0,252323.0,2066.96,1200.9,96.545,0.4762
2015-04-10,216421.0,-106555.0,-137273.0,35622.0,51.64,215418.0,321973.0,148305.0,202543.0,339816.0,335452.0,119031.0,313226.0,185477.0,149855.0,266871.0,2102.06,1204.6,99.338,0.556
2015-04-17,238556.0,-123382.0,-156113.0,43604.0,55.74,203542.0,326924.0,162959.0,243508.0,399621.0,342607.0,104051.0,304229.0,185378.0,141774.0,254767.0,2081.18,1202.9,97.52,0.5081
2015-04-24,259286.0,-152910.0,-171934.0,63806.0,57.15,186067.0,338977.0,162363.0,230004.0,401938.0,340036.0,80750.0,290266.0,179317.0,115511.0,259025.0,2117.69,1175.2,96.922,0.5041
2015-05-01,257353.0,-149648.0,-170969.0,57491.0,59.15,193839.0,343487.0,159059.0,221689.0,392658.0,339140.0,81787.0,284142.0,182564.0,125073.0,257140.0,2108.29,1174.5,95.297,0.595
2015-05-08,266310.0,-163662.0,-164848.0,59396.0,59.39,196807.0,360469.0,166774.0,233630.0,398478.0,340604.0,74294.0,284530.0,190160.0,130764.0,258010.0,2116.1,1188.9,94.794,0.5719
2015-05-15,263032.0,-154702.0,-167404.0,57180.0,59.69,204021.0,358723.0,165482.0,235078.0,402482.0,325773.0,62741.0,289003.0,186670.0,129490.0,248535.0,2122.73,1225.3,93.135,0.5363
2015-05-22,250573.0,-179593.0,-170947.0,92858.0,59.72,197979.0,377572.0,142657.0,201379.0,372326.0,318849.0,68276.0,266596.0,185766.0,92908.0,228899.0,2126.06,1204.0,96.014,0.6142
2015-05-29,251015.0,-172263.0,-173955.0,96976.0,60.3,196383.0,368646.0,140387.0,197758.0,371713.0,316262.0,65247.0,263227.0,185739.0,88763.0,238381.0,2107.39,1189.4,96.907,0.6053
2015-06-05,244522.0,-170525.0,-169430.0,94996.0,59.13,198339.0,368864.0,143851.0,198973.0,368403.0,304462.0,59940.0,278681.0,189988.0,94992.0,257041.0,2092.83,1167.8,96.306,0.7087
2015-06-12,236618.0,-159492.0,-165642.0,89237.0,59.96,200664.0,360156.0,139722.0,196169.0,361811.0,298385.0,61767.0,272351.0,185413.0,96176.0,272770.0,2094.11,1178.8,94.972,0.7256
2015-06-19,239044.0,-165805.0,-165081.0,88089.0,59.61,182661.0,348466.0,156703.0,211227.0,376308.0,297492.0,58448.0,258146.0,187440.0,99351.0,283074.0,2109.99,1201.5,94.085,0.6169
2015-06-26,235807.0,-170873.0,-164086.0,91626.0,59.63,182504.0,353377.0,189282.0,198644.0,362730.0,297027.0,61220.0,258845.0,182974.0,91348.0,267523.0,2101.49,1172.9,95.472,0.7117
2015-07-03,221052.0,-166855.0,-164816.0,107127.0,56.93,186458.0,353313.0,192099.0,205024.0,369840.0,286776.0,65724.0,262170.0,196245.0,89118.0,266322.0,2076.78,1163.5,96.113,0.627
2015-07-10,181030.0,-146648.0,-144228.0,115130.0,52.74,199924.0,346572.0,183743.0,201152.0,345380.0,279448.0,98418.0,274637.0,206414.0,91284.0,266342.0,2076.62,1157.9,96.025,0.637
2015-07-17,147349.0,-115066.0,-141836.0,117038.0,50.89,215377.0,330443.0,203550.0,210525.0,352361.0,258100.0,110751.0,279629.0,209934.0,92896.0,280739.0,2126.64,1131.9,97.862,0.6655
2015-07-24,114187.0,-121665.0,-135473.0,139496.0,48.14,208682.0,330347.0,188410.0,193597.0,329070.0,239438.0,125251.0,275272.0,224892.0,85396.0,263674.0,2079.65,1085.5,97.244,0.6781
2015-07-31,106466.0,-118076.0,-125532.0,136953.0,47.12,209902.0,327978.0,177897.0,206398.0,331930.0,246018.0,139552.0,270602.0,229957.0,93004.0,278470.0,2103.84,1094.9,97.336,0.6606
2015-08-07,115972.0,-119438.0,-122850.0,131121.0,43.87,198930.0,318368.0,192336.0,220419.0,343269.0,251136.0,135164.0,286911.0,227548.0,96427.0,282877.0,2077.57,1094.1,97.563,0.7169
2015-08-14,100132.0,-100509.0,-131916.0,125711.0,42.5,206105.0,306614.0,188812.0,167179.0,299095.0,251147.0,151015.0,266762.0,227716.0,102005.0,280876.0,2091.54,1112.9,96.52,0.7218
2015-08-21,82554.0,-76902.0,-136927.0,128010.0,40.45,225220.0,302122.0,190505.0,178379.0,315306.0,241712.0,159158.0,278942.0,231486.0,103476.0,259867.0,1970.89,1159.6,95.008,0.6128
2015-08-28,89234.0,-81608.0,-135241.0,126329.0,45.22,218135.0,299743.0,185995.0,166580.0,301821.0,245238.0,156004.0,282891.0,228922.0,102593.0,265699.0,1988.87,1133.5,96.106,0.7156
2015-09-04,110190.0,-76908.0,-142162.0,110152.0,46.05,220887.0,297795.0,196614.0,158459.0,300621.0,250891.0,140701.0,286520.0,236286.0,126134.0,266649.0,1921.22,1120.9,96.229,0.7067
2015-09-11,130080.0,-81501.0,-144905.0,101350.0,44.63,218692.0,300193.0,192410.0,178255.0,323160.0,258812.0,128732.0,279278.0,231337.0,129987.0,277147.0,1961.05,1103.3,95.194,0.7053
2015-09-18,144287.0,-85892.0,-153066.0,95099.0,44.68,211750.0,297642.0,189598.0,186716.0,339782.0,260007.0,115720.0,290393.0,225812.0,130713.0,265470.0,1958.03,1138.1,94.863,0.6777
2015-09-25,163841.0,-79913.0,-169858.0,95588.0,45.7,207556.0,287469.0,185833.0,154984.0,324842.0,269393.0,105552.0,255609.0,219811.0,124223.0,248200.0,1931.34,1145.7,96.269,0.6918
2015-10-02,150390.0,-71306.0,-178443.0,101338.0,45.54,212026.0,283332.0,182310.0,166039.0,344482.0,263126.0,112736.0,259413.0,218359.0,117021.0,245839.0,1951.36,1137.1,95.83,0.5794
2015-10-09,173467.0,-68095.0,-185118.0,84794.0,49.63,218526.0,286621.0,193483.0,176740.0,361858.0,278318.0,104851.0,259398.0,212782.0,127988.0,263306.0,2014.89,1156.3,94.813,0.637
2015-10-16,182342.0,-89251.0,-185616.0,82650.0,47.26,207035.0,296286.0,180566.0,204960.0,390576.0,269937.0,87595.0,245175.0,217803.0,135153.0,239996.0,2033.11,1183.6,94.54,0.6088
2015-10-23,159793.0,-63566.0,-199800.0,91358.0,44.6,217982.0,281548.0,182598.0,169869.0,369669.0,266363.0,106570.0,244676.0,218727.0,127369.0,235218.0,2075.15,1163.3,97.127,0.6413
2015-10-30,139172.0,-45620.0,-195963.0,97403.0,46.59,227077.0,272697.0,183837.0,178194.0,374157.0,273436.0,134264.0,257515.0,226192.0,128789.0,248976.0,2079.36,1141.4,96.946,0.724
2015-11-06,165718.0,-30997.0,-213375.0,80473.0,44.29,236672.0,267669.0,190460.0,161348.0,374723.0,281962.0,116244.0,271557.0,211422.0,130949.0,246499.0,2099.2,1087.7,99.168,0.8859
2015-11-13,138597.0,-28995.0,-217077.0,99725.0,40.74,230008.0,259003.0,193587.0,169671.0,386748.0,277775.0,139178.0,242615.0,221170.0,121445.0,255212.0,2023.04,1080.9,98.998,0.8347
2015-11-20,109958.0,-29978.0,-206843.0,118597.0,40.39,233785.0,263763.0,182500.0,153836.0,360679.0,266187.0,156229.0,272578.0,227912.0,109315.0,239075.0,2089.17,1076.3,99.565,0.9172
2015-11-27,85108.0,-2193.0,-211280.0,126917.0,41.71,252529.0,254722.0,168522.0,144101.0,355381.0,250061.0,164953.0,283060.0,222212.0,95295.0,232588.0,2090.11,1056.2,100.02,0.9185
2015-12-04,79252.0,-3947.0,-208925.0,129226.0,39.97,246377.0,250324.0,168648.0,157123.0,366048.0,251057.0,171805.0,298513.0,224525.0,95299.0,232174.0,2091.69,1084.5,98.354,0.9388
2015-12-11,74253.0,5261.0,-210084.0,123621.0,35.62,246450.0,241189.0,168195.0,161463.0,371547.0,253141.0,178888.0,324578.0,226947.0,103326.0,241848.0,2012.37,1076.9,97.565,0.875
2015-12-18,79408.0,3424.0,-211563.0,131103.0,34.73,239281.0,235857.0,179283.0,149708.0,361271.0,254885.0,175477.0,311899.0,217343.0,86240.0,243751.0,2005.55,1066.2,98.703,0.9522
2015-12-25,62057.0,16118.0,-212799.0,130855.0,38.1,242545.0,226427.0,167240.0,149029.0,361828.0,235119.0,173062.0,326487.0,218562.0,87707.0,221827.0,2060.99,1077.2,97.847,0.9983
2016-01-01,73751.0,21352.0,-213968.0,122600.0,37.04,239486.0,218134.0,176577.0,154829.0,368797.0,238919.0,165168.0,325755.0,209713.0,87113.0,222916.0,2043.94,1060.2,98.683,1.0477
2016-01-08,49436.0,24184.0,-212749.0,134741.0,33.16,234339.0,210155.0,179100.0,162630.0,375379.0,231998.0,182562.0,348073.0,228419.0,93678.0,232038.0,1922.03,1097.9,98.54,0.9318
2016-01-15,36372.0,46745.0,-224985.0,127132.0,29.42,250440.0,203695.0,168737.0,171050.0,396035.0,249863.0,213491.0,326905.0,249932.0,122800.0,243125.0,1880.33,1090.7,98.956,0.85
2016-01-22,56663.0,39041.0,-230088.0,122709.0,32.19,232689.0,193648.0,171051.0,168623.0,398711.0,240700.0,184037.0,314724.0,242074.0,119365.0,223381.0,1906.9,1096.3,99.574,0.8691
2016-01-29,77084.0,43707.0,-252757.0,128626.0,33.62,235095.0,191388.0,172095.0,189269.0,442026.0,268202.0,191118.0,318940.0,255508.0,126882.0,235303.0,1940.24,1116.4,99.606,0.7737
2016-02-05,66270.0,37603.0,-243389.0,130603.0,30.89,227385.0,189782.0,177130.0,224224.0,467613.0,272485.0,206215.0,343376.0,273335.0,142732.0,244724.0,1880.05,1157.8,97.031,0.7221
2016-02-12,72403.0,51660.0,-252546.0,115474.0,29.44,239806.0,188146.0,170926.0,211963.0,464509.0,270210.0,197807.0,361662.0,274590.0,159116.0,224814.0,1864.78,1239.1,95.94,0.7137
2016-02-19,57861.0,81733.0,-250728.0,101126.0,29.64,269405.0,187672.0,187257.0,182897.0,433625.0,267102.0,209241.0,371124.0,250838.0,149712.0,211200.0,1917.78,1230.4,96.6,0.7418
2016-02-26,102252.0,47835.0,-261064.0,103604.0,32.78,258565.0,210730.0,166895.0,176022.0,437086.0,275705.0,173453.0,357338.0,257563.0,153959.0,192470.0,1948.05,1220.4,98.148,0.7934
2016-03-04,124411.0,62875.0,-275753.0,88107.0,35.92,262169.0,199294.0,178751.0,166361.0,442114.0,279333.0,154922.0,366461.0,250428.0,162321.0,207620.0,1999.99,1270.7,97.34,0.8616
2016-03-11,165251.0,40482.0,-281571.0,79001.0,38.5,262414.0,221932.0,172092.0,177906.0,459477.0,286827.0,121576.0,377482.0,248762.0,169761.0,199743.0,2022.19,1259.4,96.172,0.9554
2016-03-18,194945.0,-22.0,-267715.0,74911.0,39.44,237940.0,237962.0,173193.0,170375.0,438090.0,297622.0,102677.0,370260.0,246794.0,171883.0,197835.0,2049.58,1254.3,95.086,0.8353
2016-03-25,226086.0,-10147.0,-286782.0,81891.0,39.46,231699.0,241846.0,169048.0,151986.0,438768.0,294899.0,68813.0,357844.0,232939.0,151048.0,181888.0,2035.94,1221.6,96.273,0.8689
2016-04-01,209182.0,-16079.0,-288971.0,96329.0,36.79,222296.0,238375.0,169896.0,167139.0,456110.0,291100.0,81918.0,352096.0,243537.0,147208.0,197503.0,2072.78,1222.2,94.619,0.7224
2016-04-08,176508.0,-5162.0,-282665.0,113622.0,39.72,226490.0,231652.0,179049.0,168241.0,450906.0,289770.0,113262.0,344622.0,251946.0,138324.0,218549.0,2047.6,1242.5,94.235,0.695
2016-04-15,201020.0,6406.0,-285640.0,88141.0,40.36,251379.0,244973.0,187844.0,171147.0,456787.0,289000.0,87980.0,350287.0,241256.0,153115.0,219279.0,2080.73,1233.1,94.696,0.7335
2016-04-22,221871.0,-29093.0,-296685.0,112304.0,43.73,219454.0,248547.0,189262.0,156094.0,452779.0,297733.0,75862.0,312610.0,242315.0,130011.0,208862.0,2091.58,1228.7,95.116,0.8178
2016-04-29,223467.0,-34014.0,-291061.0,110798.0,45.92,220676.0,254690.0,183039.0,169991.0,461052.0,296197.0,72730.0,301512.0,248085.0,137287.0,207525.0,2065.3,1290.5,93.082,0.7816
2016-05-06,212757.0,-26812.0,-288395.0,105787.0,44.66,223876.0,250688.0,186443.0,184485.0,472880.0,285229.0,72472.0,310881.0,244794.0,139007.0,223520.0,2057.14,1294.0,93.888,0.734
2016-05-13,191731.0,-8087.0,-283534.0,100229.0,46.21,236744.0,244831.0,176138.0,209526.0,493060.0,284570.0,92839.0,278842.0,237229.0,137000.0,209489.0,2046.61,1272.7,94.608,0.7459
2016-05-20,221826.0,-56136.0,-295293.0,146943.0,47.75,219249.0,275385.0,175248.0,190853.0,486146.0,294071.0,72245.0,264496.0,260525.0,113582.0,197918.0,2052.32,1252.9,95.334,0.8763
2016-05-27,210985.0,-54392.0,-287350.0,137157.0,49.33,204663.0,259055.0,167927.0,164234.0,451584.0,281321.0,70336.0,278089.0,246909.0,109752.0,218472.0,2099.06,1213.8,95.521,0.9086
2016-06-03,210646.0,-49884.0,-289478.0,136356.0,48.62,202310.0,252194.0,184209.0,182723.0,472201.0,273948.0,63302.0,297513.0,248713.0,112357.0,222468.0,2099.13,1240.1,94.029,0.7716
2016-06-10,192591.0,-35788.0,-284374.0,132591.0,49.07,213759.0,249547.0,186735.0,181530.0,465904.0,281955.0,89364.0,317496.0,243553.0,110962.0,222297.0,2096.07,1273.4,94.571,0.7265
2016-06-17,152698.0,-42063.0,-275469.0,159887.0,47.98,209345.0,251408.0,203791.0,181567.0,457036.0,268734.0,116036.0,324967.0,254618.0,94731.0,227025.0,2071.22,1292.5,94.206,0.6927
2016-06-24,180976.0,-41311.0,-276270.0,137619.0,47.64,217589.0,258900.0,196454.0,173452.0,449722.0,279417.0,98441.0,312021.0,235810.0,98191.0,221403.0,2037.41,1320.0,95.448,0.627
2016-07-01,152611.0,-37406.0,-270378.0,151628.0,48.99,211378.0,248784.0,194852.0,193911.0,464289.0,275846.0,123235.0,292431.0,234549.0,82921.0,225877.0,2102.95,1339.0,95.649,0.5893
2016-07-08,145365.0,-41437.0,-263600.0,154307.0,45.41,203002.0,244439.0,189468.0,204086.0,467686.0,278085.0,132720.0,301808.0,241356.0,87049.0,239672.0,2129.9,1358.4,96.302,0.605
2016-07-15,154529.0,-27909.0,-265443.0,140266.0,45.95,216190.0,244099.0,165226.0,208422.0,473865.0,283738.0,129209.0,296267.0,232479.0,92213.0,231423.0,2161.74,1327.4,96.58,0.6674
2016-07-22,136086.0,-34961.0,-261041.0,153495.0,44.19,208551.0,243512.0,164766.0,181793.0,442834.0,289395.0,153309.0,283332.0,236233.0,82738.0,224700.0,2175.03,1323.4,97.467,0.7025
